[
  {
    "id": "7bfb8403-e9b1-4b35-8319-f7e4eb024745",
    "name": "Daisy Best",
    "company": "HONOTRON",
    "email": "daisy.best@honotron.io",
    "phone": "+1 (872) 575-2843",
    "address": "804 Hubbard Street, Tibbie, Kansas, 4364"
  },
  {
    "id": "33d0a027-65d7-4fb5-b9b9-3cebf74c0b70",
    "name": "Kathie Powers",
    "company": "ZORK",
    "email": "kathie.powers@zork.co.uk",
    "phone": "+1 (829) 537-2725",
    "address": "670 Lloyd Court, Staples, Virgin Islands, 9155"
  },
  {
    "id": "f42ce4b8-8569-48fa-a59d-e75923155de7",
    "name": "Silvia White",
    "company": "COLAIRE",
    "email": "silvia.white@colaire.me",
    "phone": "+1 (975) 495-3844",
    "address": "789 Nevins Street, Tyro, Louisiana, 376"
  },
  {
    "id": "982d8026-79e8-4d46-9405-1f4b8f86d134",
    "name": "Sasha Morse",
    "company": "ZYTREX",
    "email": "sasha.morse@zytrex.ca",
    "phone": "+1 (817) 449-3469",
    "address": "601 Bedford Avenue, Stewartville, Indiana, 7484"
  },
  {
    "id": "d9d73344-32dc-4dad-afab-bdaa575263a9",
    "name": "Laura Joyce",
    "company": "FLUM",
    "email": "laura.joyce@flum.name",
    "phone": "+1 (818) 548-2073",
    "address": "711 Canton Court, Geyserville, Puerto Rico, 8139"
  },
  {
    "id": "6c0c3431-1fc1-402c-9163-20be75c71472",
    "name": "Lottie Church",
    "company": "MAGNEATO",
    "email": "lottie.church@magneato.biz",
    "phone": "+1 (857) 509-2681",
    "address": "629 Cedar Street, Utting, Wyoming, 5323"
  },
  {
    "id": "a39950af-9b00-4f65-8ccd-dc8130edcc6d",
    "name": "Randi Craig",
    "company": "ZEPITOPE",
    "email": "randi.craig@zepitope.biz",
    "phone": "+1 (872) 444-3314",
    "address": "225 Schermerhorn Street, Windsor, Connecticut, 679"
  },
  {
    "id": "4ddb388e-e917-4d57-b1cc-c4168447d10a",
    "name": "Ilene Greer",
    "company": "TERASCAPE",
    "email": "ilene.greer@terascape.tv",
    "phone": "+1 (955) 402-3217",
    "address": "237 Beach Place, Cashtown, District Of Columbia, 3266"
  },
  {
    "id": "4dfd0282-5a0a-42ab-bcb5-b044ab879ad5",
    "name": "Meghan Serrano",
    "company": "GINKLE",
    "email": "meghan.serrano@ginkle.com",
    "phone": "+1 (814) 506-3401",
    "address": "196 Chestnut Street, Elizaville, Rhode Island, 4506"
  },
  {
    "id": "8129da76-f2f5-4558-95fe-26c94d89bca8",
    "name": "Karina Pollard",
    "company": "VIRVA",
    "email": "karina.pollard@virva.info",
    "phone": "+1 (827) 573-3144",
    "address": "721 Wakeman Place, Juntura, Colorado, 2025"
  },
  {
    "id": "1639ce13-bb25-4835-9fe0-dbefc15fa521",
    "name": "James Torres",
    "company": "THREDZ",
    "email": "james.torres@thredz.us",
    "phone": "+1 (864) 409-3107",
    "address": "222 Morton Street, Harviell, West Virginia, 5855"
  },
  {
    "id": "6fe3c41f-2441-4dbd-8a8b-29065ec446ea",
    "name": "Pacheco Beach",
    "company": "SYNKGEN",
    "email": "pacheco.beach@synkgen.net",
    "phone": "+1 (883) 598-2134",
    "address": "517 Lester Court, Thomasville, Minnesota, 2275"
  },
  {
    "id": "341aa455-f9cf-4413-9387-d0cf1e8772e8",
    "name": "Edna Hodge",
    "company": "GEEKY",
    "email": "edna.hodge@geeky.io",
    "phone": "+1 (996) 600-3054",
    "address": "709 Lenox Road, Groton, Marshall Islands, 6378"
  },
  {
    "id": "84fb50d2-e079-464b-96a1-edcf1fd6c332",
    "name": "Clayton Hall",
    "company": "FROLIX",
    "email": "clayton.hall@frolix.co.uk",
    "phone": "+1 (992) 491-2075",
    "address": "546 Roder Avenue, Coventry, American Samoa, 4415"
  },
  {
    "id": "bc2e490e-7bc5-4bd3-8a3b-366f5f59dc9c",
    "name": "Miranda Golden",
    "company": "ECOLIGHT",
    "email": "miranda.golden@ecolight.me",
    "phone": "+1 (879) 531-2825",
    "address": "626 Grove Street, Starks, Pennsylvania, 283"
  },
  {
    "id": "bebfeab9-9b0f-4f05-97b2-7911e64c016a",
    "name": "Leslie Sampson",
    "company": "ZOXY",
    "email": "leslie.sampson@zoxy.ca",
    "phone": "+1 (821) 480-3351",
    "address": "893 Dupont Street, Faywood, Massachusetts, 6470"
  },
  {
    "id": "79cba090-4848-4fce-8d4a-274460ae194a",
    "name": "Aurelia Hernandez",
    "company": "HAIRPORT",
    "email": "aurelia.hernandez@hairport.name",
    "phone": "+1 (923) 448-2676",
    "address": "246 Knickerbocker Avenue, Fulford, California, 2166"
  },
  {
    "id": "756356d3-cd07-4891-b0b6-7de18683cd77",
    "name": "Heidi Reynolds",
    "company": "ORBALIX",
    "email": "heidi.reynolds@orbalix.biz",
    "phone": "+1 (821) 437-3901",
    "address": "340 Aster Court, Wright, South Carolina, 7805"
  },
  {
    "id": "c2e07c6b-1b1e-4886-a84d-2f4987b9372e",
    "name": "Malone Moon",
    "company": "COMVEX",
    "email": "malone.moon@comvex.biz",
    "phone": "+1 (954) 466-3525",
    "address": "651 Bassett Avenue, Hannasville, New Mexico, 4696"
  },
  {
    "id": "5e9da7ea-7cfa-42a1-9130-a1fb0ab3b869",
    "name": "Brittney Norris",
    "company": "ZEAM",
    "email": "brittney.norris@zeam.tv",
    "phone": "+1 (815) 438-2652",
    "address": "753 Dinsmore Place, Flintville, Florida, 1763"
  },
  {
    "id": "bd2fc042-2424-4374-8a4a-739b396cf7d3",
    "name": "Zimmerman Griffin",
    "company": "VERAQ",
    "email": "zimmerman.griffin@veraq.com",
    "phone": "+1 (917) 484-3265",
    "address": "931 Ridgewood Place, Bethany, Iowa, 7110"
  },
  {
    "id": "a94b3a5b-153c-4bc6-8beb-3f8bd460084e",
    "name": "Priscilla Cohen",
    "company": "PROSURE",
    "email": "priscilla.cohen@prosure.info",
    "phone": "+1 (876) 530-2079",
    "address": "407 President Street, Brenton, New York, 1779"
  },
  {
    "id": "569b8f0c-4ba8-432d-8ea2-ec42c6ddcdf7",
    "name": "Atkins Bishop",
    "company": "KINETICA",
    "email": "atkins.bishop@kinetica.us",
    "phone": "+1 (925) 505-3819",
    "address": "239 Bergen Street, Kent, North Carolina, 7800"
  },
  {
    "id": "79ec863d-9a97-42be-92bd-047f6d94eb7d",
    "name": "Ayala Madden",
    "company": "TWIGGERY",
    "email": "ayala.madden@twiggery.net",
    "phone": "+1 (915) 504-3200",
    "address": "188 Hull Street, Foxworth, Utah, 1660"
  },
  {
    "id": "831f2566-cddd-49c0-8952-4bda9fc9473a",
    "name": "Humphrey Burke",
    "company": "RECRISYS",
    "email": "humphrey.burke@recrisys.io",
    "phone": "+1 (997) 582-2826",
    "address": "517 Grant Avenue, Floris, Idaho, 5297"
  },
  {
    "id": "f6b3285a-e3f5-4c62-a5e9-5cb3970f55a5",
    "name": "Cherie Lamb",
    "company": "MULTIFLEX",
    "email": "cherie.lamb@multiflex.co.uk",
    "phone": "+1 (981) 566-2556",
    "address": "209 Story Court, Nettie, Maryland, 498"
  },
  {
    "id": "0c62ba97-b68d-42fa-b8e4-abf4761c21e4",
    "name": "Farley Strickland",
    "company": "GOGOL",
    "email": "farley.strickland@gogol.me",
    "phone": "+1 (893) 493-3117",
    "address": "949 Harrison Avenue, Warren, Federated States Of Micronesia, 7577"
  },
  {
    "id": "a69f64bd-5600-4809-9dce-4e4b12127a40",
    "name": "Jessica Barrett",
    "company": "ANACHO",
    "email": "jessica.barrett@anacho.ca",
    "phone": "+1 (934) 467-2191",
    "address": "765 Fay Court, Rivereno, Vermont, 4561"
  },
  {
    "id": "e6e44eb5-e083-4cb4-8bf3-d68eaff9648c",
    "name": "Bette Hester",
    "company": "KOOGLE",
    "email": "bette.hester@koogle.name",
    "phone": "+1 (819) 426-2931",
    "address": "861 Durland Place, Boomer, South Dakota, 778"
  },
  {
    "id": "dd16a6ec-1144-4920-b444-976cf5b068de",
    "name": "Cecilia Hanson",
    "company": "CINESANCT",
    "email": "cecilia.hanson@cinesanct.biz",
    "phone": "+1 (908) 495-2864",
    "address": "431 Harbor Court, Lithium, Nebraska, 4294"
  },
  {
    "id": "704147ed-9b5e-47d9-ba5e-8f04991738c7",
    "name": "Mann Davis",
    "company": "LOCAZONE",
    "email": "mann.davis@locazone.biz",
    "phone": "+1 (970) 473-2828",
    "address": "421 Jamison Lane, Detroit, Alaska, 5991"
  },
  {
    "id": "0a1ec2a2-71fe-49e0-aaea-dcdf05ea1d6b",
    "name": "Daugherty Ballard",
    "company": "SOLAREN",
    "email": "daugherty.ballard@solaren.tv",
    "phone": "+1 (927) 435-2775",
    "address": "666 Dewey Place, Rote, Hawaii, 9727"
  },
  {
    "id": "88fbbce5-2b82-489c-a188-fd241c2d9962",
    "name": "Chasity Powell",
    "company": "PEARLESSA",
    "email": "chasity.powell@pearlessa.com",
    "phone": "+1 (945) 518-2234",
    "address": "249 Ovington Court, Gardiner, Maine, 1194"
  },
  {
    "id": "47e68492-9b27-41e7-9fe1-a8bda923d530",
    "name": "Tucker Case",
    "company": "NIQUENT",
    "email": "tucker.case@niquent.info",
    "phone": "+1 (980) 480-3552",
    "address": "191 Marconi Place, Sanborn, Mississippi, 5229"
  },
  {
    "id": "494c73b2-8842-46c7-8037-d79ebd3fe523",
    "name": "Beasley David",
    "company": "GENESYNK",
    "email": "beasley.david@genesynk.us",
    "phone": "+1 (912) 534-2119",
    "address": "715 Wyckoff Avenue, Glidden, Nevada, 4487"
  },
  {
    "id": "f32f5623-80e6-443c-852f-2ab75e1a56aa",
    "name": "Noemi Carpenter",
    "company": "JIMBIES",
    "email": "noemi.carpenter@jimbies.net",
    "phone": "+1 (827) 541-2987",
    "address": "979 Applegate Court, Warsaw, Northern Mariana Islands, 6173"
  },
  {
    "id": "1b577e88-2ef9-42c7-8ca7-2ab70fab4b20",
    "name": "Kelley Vargas",
    "company": "CENTURIA",
    "email": "kelley.vargas@centuria.io",
    "phone": "+1 (954) 586-2079",
    "address": "491 Lancaster Avenue, Kersey, Texas, 1488"
  },
  {
    "id": "e90fd5c9-04e4-4ce6-9145-7d8dcef39f87",
    "name": "Aimee Salinas",
    "company": "ONTALITY",
    "email": "aimee.salinas@ontality.co.uk",
    "phone": "+1 (841) 548-3780",
    "address": "103 Wortman Avenue, Fruitdale, Washington, 3410"
  },
  {
    "id": "7a21b134-c4ab-4d12-bd72-c12472e5e897",
    "name": "Berger Leblanc",
    "company": "PREMIANT",
    "email": "berger.leblanc@premiant.me",
    "phone": "+1 (971) 461-2453",
    "address": "689 Hudson Avenue, Wedgewood, Georgia, 4939"
  },
  {
    "id": "81fb7d53-e4e6-4ba8-b194-101858db9806",
    "name": "Estella Guerra",
    "company": "INRT",
    "email": "estella.guerra@inrt.ca",
    "phone": "+1 (920) 445-3117",
    "address": "781 Rock Street, Kilbourne, Alabama, 5014"
  },
  {
    "id": "168d86bf-e1f7-4c8c-9662-896945690c54",
    "name": "Barron Mccarthy",
    "company": "VELITY",
    "email": "barron.mccarthy@velity.name",
    "phone": "+1 (959) 485-3728",
    "address": "290 Cove Lane, Gracey, Arkansas, 7191"
  },
  {
    "id": "6597062e-bb0d-423f-a461-0578679827e7",
    "name": "Della Burgess",
    "company": "GORGANIC",
    "email": "della.burgess@gorganic.biz",
    "phone": "+1 (898) 402-2941",
    "address": "713 Montague Terrace, Ernstville, North Dakota, 6931"
  },
  {
    "id": "c260df63-6d3d-4f00-9581-ae3add5b6a3b",
    "name": "Booth Soto",
    "company": "MEDESIGN",
    "email": "booth.soto@medesign.biz",
    "phone": "+1 (819) 413-2914",
    "address": "621 Lawrence Street, Websterville, Oklahoma, 3243"
  },
  {
    "id": "62f98a3c-a078-44bd-a4e9-57fd0b1b5eb1",
    "name": "Darla Mosley",
    "company": "IRACK",
    "email": "darla.mosley@irack.tv",
    "phone": "+1 (924) 451-3912",
    "address": "320 Elizabeth Place, Neibert, Guam, 9234"
  },
  {
    "id": "bfee55b3-2891-449d-91ed-961ae85cb0eb",
    "name": "Coleman Palmer",
    "company": "OCEANICA",
    "email": "coleman.palmer@oceanica.com",
    "phone": "+1 (894) 459-2146",
    "address": "294 Grand Avenue, Deercroft, Tennessee, 2691"
  },
  {
    "id": "35f3dc6e-529e-4522-bcda-424b130ee071",
    "name": "Odessa Bennett",
    "company": "UNDERTAP",
    "email": "odessa.bennett@undertap.info",
    "phone": "+1 (850) 501-2295",
    "address": "401 Pitkin Avenue, Bangor, Ohio, 3552"
  },
  {
    "id": "ddd3e370-f180-4f30-bf70-0e07bcd3bede",
    "name": "Casandra Durham",
    "company": "CUBIX",
    "email": "casandra.durham@cubix.us",
    "phone": "+1 (862) 506-2797",
    "address": "454 Gerry Street, Weeksville, Wisconsin, 5346"
  },
  {
    "id": "d7bfbc84-9d18-48a6-ae02-4d7dc10bab24",
    "name": "Alison Finley",
    "company": "CORIANDER",
    "email": "alison.finley@coriander.net",
    "phone": "+1 (881) 440-2375",
    "address": "216 Hall Street, Hollymead, New Jersey, 5792"
  },
  {
    "id": "3d339374-047d-4676-9544-e244faef0afb",
    "name": "Molly Wise",
    "company": "NEXGENE",
    "email": "molly.wise@nexgene.io",
    "phone": "+1 (808) 591-3626",
    "address": "160 Gerritsen Avenue, Springhill, Missouri, 2147"
  },
  {
    "id": "b518d1ed-e047-4c39-9844-f761235e06f2",
    "name": "Fox Franco",
    "company": "DUOFLEX",
    "email": "fox.franco@duoflex.co.uk",
    "phone": "+1 (812) 510-2224",
    "address": "152 Alton Place, Albrightsville, Illinois, 3501"
  },
  {
    "id": "0ca61819-ca8d-4672-8361-43444e782382",
    "name": "Carlson Bradshaw",
    "company": "CINCYR",
    "email": "carlson.bradshaw@cincyr.me",
    "phone": "+1 (977) 483-2732",
    "address": "128 Gerald Court, Sandston, Palau, 5219"
  },
  {
    "id": "3954b17c-de21-485e-9092-4831d08b13bc",
    "name": "Marlene Nguyen",
    "company": "ZILIDIUM",
    "email": "marlene.nguyen@zilidium.ca",
    "phone": "+1 (829) 412-2009",
    "address": "154 Butler Place, Winesburg, Virginia, 8743"
  },
  {
    "id": "ed02af93-ce77-41e1-b514-ef4af9f92acb",
    "name": "Palmer Buck",
    "company": "COMTEXT",
    "email": "palmer.buck@comtext.name",
    "phone": "+1 (849) 452-3273",
    "address": "821 Gem Street, Biddle, Arizona, 7270"
  },
  {
    "id": "347551b3-544d-4c00-8e9d-a3166c92a2f6",
    "name": "Ann Landry",
    "company": "OPTICOM",
    "email": "ann.landry@opticom.biz",
    "phone": "+1 (987) 544-2176",
    "address": "179 Schenck Place, Kula, Delaware, 5545"
  },
  {
    "id": "485d1a7c-c92b-4e0d-abc7-7d8f9161d033",
    "name": "Lorena Mcintosh",
    "company": "FURNAFIX",
    "email": "lorena.mcintosh@furnafix.biz",
    "phone": "+1 (998) 553-2623",
    "address": "417 Woods Place, Rosine, Michigan, 1079"
  },
  {
    "id": "b0244395-ef38-422b-9fc6-94071c85b745",
    "name": "Shannon Townsend",
    "company": "ECRAZE",
    "email": "shannon.townsend@ecraze.tv",
    "phone": "+1 (993) 437-2324",
    "address": "287 Robert Street, Wauhillau, Oregon, 9365"
  },
  {
    "id": "cdc71de9-4b2f-4458-bb04-8fa9971fab8b",
    "name": "Erin Hoffman",
    "company": "HOPELI",
    "email": "erin.hoffman@hopeli.com",
    "phone": "+1 (885) 455-3196",
    "address": "168 Bushwick Avenue, Centerville, Kentucky, 849"
  },
  {
    "id": "24f6b87d-4816-420e-b66a-da2c66cef11f",
    "name": "Baxter Hoover",
    "company": "PETIGEMS",
    "email": "baxter.hoover@petigems.info",
    "phone": "+1 (918) 510-2866",
    "address": "853 Prescott Place, Eggertsville, Montana, 5106"
  },
  {
    "id": "21a38026-79a9-49d7-93ef-48f1582fea0b",
    "name": "Jody Walter",
    "company": "TUBESYS",
    "email": "jody.walter@tubesys.us",
    "phone": "+1 (899) 402-3434",
    "address": "669 Lacon Court, Somerset, Kansas, 3545"
  },
  {
    "id": "0c0925c3-838f-470e-b168-2093b5d6213a",
    "name": "Melissa Love",
    "company": "BOVIS",
    "email": "melissa.love@bovis.net",
    "phone": "+1 (807) 417-3091",
    "address": "981 Baycliff Terrace, Boykin, Virgin Islands, 6011"
  },
  {
    "id": "a0a1d9ad-61ea-4c49-8c7a-7968e261208d",
    "name": "Felecia Sanchez",
    "company": "KIDSTOCK",
    "email": "felecia.sanchez@kidstock.io",
    "phone": "+1 (931) 589-3662",
    "address": "799 Garden Place, Loyalhanna, Louisiana, 9009"
  },
  {
    "id": "92d8bc6e-22ca-42cc-a4eb-2f74929d5bbe",
    "name": "Duffy Wheeler",
    "company": "ANDERSHUN",
    "email": "duffy.wheeler@andershun.co.uk",
    "phone": "+1 (808) 600-2727",
    "address": "944 Blake Court, Kingstowne, Indiana, 8649"
  },
  {
    "id": "092bba7a-dee5-448f-8872-74b055db6ffe",
    "name": "Ashley Huff",
    "company": "MANTRIX",
    "email": "ashley.huff@mantrix.me",
    "phone": "+1 (888) 575-2045",
    "address": "367 Conselyea Street, Nogal, Puerto Rico, 8441"
  },
  {
    "id": "e3f839f0-5215-4393-82ff-71b0d8149b34",
    "name": "Tabitha Jefferson",
    "company": "COMBOGEN",
    "email": "tabitha.jefferson@combogen.ca",
    "phone": "+1 (802) 404-2855",
    "address": "483 Eldert Lane, Wescosville, Wyoming, 999"
  },
  {
    "id": "757357f7-7d57-4db7-aba6-73b5be1cc8ec",
    "name": "Mullen Joyner",
    "company": "ARCHITAX",
    "email": "mullen.joyner@architax.name",
    "phone": "+1 (974) 480-2906",
    "address": "960 Thornton Street, Kanauga, Connecticut, 2813"
  },
  {
    "id": "8356dbab-f7e1-4542-b2ff-455fced2a11a",
    "name": "Candy Guzman",
    "company": "GEEKKO",
    "email": "candy.guzman@geekko.biz",
    "phone": "+1 (980) 513-2090",
    "address": "912 Just Court, Machias, District Of Columbia, 4923"
  },
  {
    "id": "64dd8534-ea38-4112-8dd3-e18b79c1b231",
    "name": "Robin Kim",
    "company": "XSPORTS",
    "email": "robin.kim@xsports.biz",
    "phone": "+1 (809) 539-3833",
    "address": "339 Suydam Place, Allison, Rhode Island, 9957"
  },
  {
    "id": "a3a3174b-2c2b-4625-a49b-c7b6a219f6d4",
    "name": "Bobbie Michael",
    "company": "BITTOR",
    "email": "bobbie.michael@bittor.tv",
    "phone": "+1 (990) 410-3524",
    "address": "744 Tennis Court, Joppa, Colorado, 2744"
  },
  {
    "id": "a864ff9c-c3c6-4098-83ce-231b996a8163",
    "name": "Duncan Perry",
    "company": "LUMBREX",
    "email": "duncan.perry@lumbrex.com",
    "phone": "+1 (903) 566-3726",
    "address": "189 Middagh Street, Thatcher, West Virginia, 426"
  },
  {
    "id": "4c286212-38cc-4f9a-afee-5f1bd823f10c",
    "name": "Conley Carey",
    "company": "ENQUILITY",
    "email": "conley.carey@enquility.info",
    "phone": "+1 (972) 429-2643",
    "address": "460 Delevan Street, Weogufka, Minnesota, 1373"
  },
  {
    "id": "17f26b67-fbb3-4c4b-9c51-82fb50838e65",
    "name": "Nina Wilcox",
    "company": "ULTRIMAX",
    "email": "nina.wilcox@ultrimax.us",
    "phone": "+1 (997) 402-2327",
    "address": "487 Kings Place, Breinigsville, Marshall Islands, 6700"
  },
  {
    "id": "85dac66a-0f3c-4290-a928-6d701360be8e",
    "name": "Vinson Morrison",
    "company": "CEMENTION",
    "email": "vinson.morrison@cemention.net",
    "phone": "+1 (851) 587-3603",
    "address": "648 Hendrickson Street, Tooleville, American Samoa, 1051"
  },
  {
    "id": "1ba004fb-5ca1-41ea-b119-b44ebbccb260",
    "name": "Amelia Morin",
    "company": "ZYTRAC",
    "email": "amelia.morin@zytrac.io",
    "phone": "+1 (924) 493-3457",
    "address": "627 Verona Place, Ribera, Pennsylvania, 1838"
  },
  {
    "id": "25913450-1551-4d8b-a565-f1e1badeef17",
    "name": "Savannah Dickerson",
    "company": "TECHADE",
    "email": "savannah.dickerson@techade.co.uk",
    "phone": "+1 (881) 512-2721",
    "address": "779 Dunne Place, Brule, Massachusetts, 6753"
  },
  {
    "id": "4d98f2d2-fb71-4347-a9c2-c79286ab0c4d",
    "name": "Lynda Stephens",
    "company": "MUSIX",
    "email": "lynda.stephens@musix.me",
    "phone": "+1 (852) 452-3459",
    "address": "183 Cadman Plaza, Holtville, California, 7752"
  },
  {
    "id": "790476f3-d8eb-4bd5-a99b-ed32117b4143",
    "name": "Donna Whitehead",
    "company": "MEDMEX",
    "email": "donna.whitehead@medmex.ca",
    "phone": "+1 (966) 438-2135",
    "address": "175 Newkirk Placez, Motley, South Carolina, 2836"
  },
  {
    "id": "ec56797e-4214-419e-a372-e219faf91585",
    "name": "Estelle Waller",
    "company": "SLAMBDA",
    "email": "estelle.waller@slambda.name",
    "phone": "+1 (912) 509-2353",
    "address": "715 Stryker Street, Snelling, New Mexico, 6124"
  },
  {
    "id": "03db7276-4b70-42fe-a7e5-8519f7c3cc07",
    "name": "Munoz Castaneda",
    "company": "KIGGLE",
    "email": "munoz.castaneda@kiggle.biz",
    "phone": "+1 (928) 408-2645",
    "address": "662 Fiske Place, Oretta, Florida, 3582"
  },
  {
    "id": "b6f135e6-c4b4-41d0-a59a-463dc28e212e",
    "name": "Barrett Rosario",
    "company": "SLOFAST",
    "email": "barrett.rosario@slofast.biz",
    "phone": "+1 (803) 497-3604",
    "address": "149 Commerce Street, Buxton, Iowa, 3681"
  },
  {
    "id": "e37bfb78-eece-46b4-90c6-4594e6ce8062",
    "name": "Abbott Washington",
    "company": "ISOPOP",
    "email": "abbott.washington@isopop.tv",
    "phone": "+1 (972) 501-2026",
    "address": "470 Coles Street, Riviera, New York, 6801"
  },
  {
    "id": "0569e68d-2f08-4345-ae95-806c8de8315f",
    "name": "Jasmine Mccoy",
    "company": "ZILLAR",
    "email": "jasmine.mccoy@zillar.com",
    "phone": "+1 (932) 585-2034",
    "address": "597 Melrose Street, Tioga, North Carolina, 1416"
  },
  {
    "id": "f3c0ac10-52f0-4379-badb-5cb68139a9d6",
    "name": "Whitney Little",
    "company": "SOPRANO",
    "email": "whitney.little@soprano.info",
    "phone": "+1 (883) 582-2958",
    "address": "902 Kenmore Terrace, Lindcove, Utah, 2358"
  },
  {
    "id": "c11e7e8e-39c3-4b55-8179-87935d7c8775",
    "name": "Walker Roach",
    "company": "FOSSIEL",
    "email": "walker.roach@fossiel.us",
    "phone": "+1 (978) 455-3780",
    "address": "891 Chestnut Avenue, Bowden, Idaho, 6468"
  },
  {
    "id": "f421df05-90bc-4e01-91a2-1c2df9a2c6d0",
    "name": "Lillian Lyons",
    "company": "VORTEXACO",
    "email": "lillian.lyons@vortexaco.net",
    "phone": "+1 (838) 538-2509",
    "address": "694 Ashland Place, Hamilton, Maryland, 7566"
  },
  {
    "id": "3e5e6b90-976a-4ba2-a8bc-28b57b2bdbca",
    "name": "Sosa Hancock",
    "company": "ANIMALIA",
    "email": "sosa.hancock@animalia.io",
    "phone": "+1 (885) 446-2333",
    "address": "570 Pineapple Street, Gerber, Federated States Of Micronesia, 989"
  },
  {
    "id": "0e547f07-300d-4359-b09c-b086ac84460a",
    "name": "Joni Oneil",
    "company": "DYNO",
    "email": "joni.oneil@dyno.co.uk",
    "phone": "+1 (943) 406-3594",
    "address": "539 Bevy Court, Chical, Vermont, 6194"
  },
  {
    "id": "9c414577-e991-4ccd-8882-5574683b9e07",
    "name": "Kayla Garner",
    "company": "EYERIS",
    "email": "kayla.garner@eyeris.me",
    "phone": "+1 (876) 516-2625",
    "address": "256 Quincy Street, Clarktown, South Dakota, 8406"
  },
  {
    "id": "1b6a0791-8183-4139-8175-ef27105a53fb",
    "name": "Mathis Flowers",
    "company": "COMBOT",
    "email": "mathis.flowers@combot.ca",
    "phone": "+1 (996) 408-2319",
    "address": "383 Willoughby Street, Edmund, Nebraska, 1837"
  },
  {
    "id": "9e8cd562-53cf-478e-9186-499c15644378",
    "name": "Lizzie Holmes",
    "company": "SKINSERVE",
    "email": "lizzie.holmes@skinserve.name",
    "phone": "+1 (897) 472-2674",
    "address": "344 King Street, Gasquet, Alaska, 1295"
  },
  {
    "id": "a9e61742-53d2-4c9e-87ec-b489b115aa15",
    "name": "Ana Valencia",
    "company": "ARTIQ",
    "email": "ana.valencia@artiq.biz",
    "phone": "+1 (919) 591-3594",
    "address": "192 Sedgwick Place, Ebro, Hawaii, 9783"
  },
  {
    "id": "efd58065-69c5-416e-9079-7e5ff94fde3b",
    "name": "Robertson Hickman",
    "company": "STRALOY",
    "email": "robertson.hickman@straloy.biz",
    "phone": "+1 (869) 543-2242",
    "address": "906 Farragut Road, Emerald, Maine, 473"
  },
  {
    "id": "02e1c420-0519-471d-8b59-267d586dce37",
    "name": "Louise Quinn",
    "company": "SILODYNE",
    "email": "louise.quinn@silodyne.tv",
    "phone": "+1 (965) 594-3269",
    "address": "335 Manhattan Avenue, Camas, Mississippi, 7003"
  },
  {
    "id": "3b0f5eea-8007-4645-ba57-77396f74d7e5",
    "name": "Dianna Mckenzie",
    "company": "SIGNIDYNE",
    "email": "dianna.mckenzie@signidyne.com",
    "phone": "+1 (978) 487-2210",
    "address": "667 Georgia Avenue, Sussex, Nevada, 1441"
  },
  {
    "id": "f114ffdf-e9a5-4b95-9ef8-fd206d481288",
    "name": "Gross Clayton",
    "company": "GEEKMOSIS",
    "email": "gross.clayton@geekmosis.info",
    "phone": "+1 (805) 490-3711",
    "address": "598 Fairview Place, Juarez, Northern Mariana Islands, 3179"
  },
  {
    "id": "1a536291-5b05-4466-bce7-f669dd8cbb8c",
    "name": "Curtis Patrick",
    "company": "WARETEL",
    "email": "curtis.patrick@waretel.us",
    "phone": "+1 (922) 583-3434",
    "address": "897 Royce Place, Ada, Texas, 6723"
  },
  {
    "id": "22724266-874c-4277-94aa-2c1e8c1e6dfe",
    "name": "Oneill Goodwin",
    "company": "KNEEDLES",
    "email": "oneill.goodwin@kneedles.net",
    "phone": "+1 (865) 563-3297",
    "address": "360 Eastern Parkway, Sexton, Washington, 2813"
  },
  {
    "id": "f41e2eff-ddcc-410a-b7b9-24ab6e94f849",
    "name": "Williamson Roberson",
    "company": "EXOSIS",
    "email": "williamson.roberson@exosis.io",
    "phone": "+1 (874) 520-3833",
    "address": "194 Coffey Street, Ruffin, Georgia, 4628"
  },
  {
    "id": "21bfa8b0-3751-4024-9d3a-3d9bde17a72b",
    "name": "Logan Stuart",
    "company": "INTERGEEK",
    "email": "logan.stuart@intergeek.co.uk",
    "phone": "+1 (944) 557-2187",
    "address": "577 Fanchon Place, Dellview, Alabama, 1653"
  },
  {
    "id": "4559cf08-9e92-4fda-8c24-42da4ae616fd",
    "name": "Hannah Spears",
    "company": "EBIDCO",
    "email": "hannah.spears@ebidco.me",
    "phone": "+1 (982) 502-2632",
    "address": "194 Carlton Avenue, Dundee, Arkansas, 8801"
  },
  {
    "id": "4719341a-dca8-46b5-9699-83b3cc40217a",
    "name": "Luz Gutierrez",
    "company": "ZYPLE",
    "email": "luz.gutierrez@zyple.ca",
    "phone": "+1 (929) 449-2629",
    "address": "591 Pilling Street, Sparkill, North Dakota, 7861"
  }
]